{
  "case1": {
    "voltage_max": 0.9827676170319048,
    "voltage_min": 0.982767609778078,
    "voltage_mean": 0.9827676100842225,
    "voltage_std": 1.4798606153204966e-09,
    "voltage_range": 7.253826872499758e-09,
    "overvoltage_count": 0,
    "undervoltage_count": 0
  },
  "case2": {
    "voltage_max": 0.985694974381518,
    "voltage_min": 0.9798846698545576,
    "voltage_mean": 0.9828989892651215,
    "voltage_std": 0.0013252669534242673,
    "voltage_range": 0.005810304526960408,
    "overvoltage_count": 0,
    "undervoltage_count": 0
  },
  "ess": {
    "total_charge_energy": 450.0,
    "total_discharge_energy": 650.0,
    "max_soc": 1.0,
    "min_soc": 0.0999999999999999,
    "soc_utilization": 0.9000000000000001
  },
  "improvement": {
    "voltage_range_reduction": -80099751.14185812,
    "std_reduction": -89553398.4649383,
    "overvoltage_reduction": 0,
    "undervoltage_reduction": 0
  }
}