{
  "case1": {
    "voltage_max": 0.9999107325084668,
    "voltage_min": 0.9999107324814738,
    "voltage_mean": 0.9999107324826219,
    "voltage_std": 5.506077579939135e-12,
    "voltage_range": 2.6993074442316356e-11,
    "overvoltage_count": 0,
    "undervoltage_count": 0
  },
  "case2": {
    "voltage_max": 0.9999167906181312,
    "voltage_min": 0.999905229560981,
    "voltage_mean": 0.999911212936138,
    "voltage_std": 2.6122438394668977e-06,
    "voltage_range": 1.1561057150166754e-05,
    "overvoltage_count": 0,
    "undervoltage_count": 0
  },
  "ess": {
    "total_charge_energy": 450.0,
    "total_discharge_energy": 650.0,
    "max_soc": 1.0,
    "min_soc": 0.0999999999999999,
    "soc_utilization": 0.9000000000000001
  },
  "improvement": {
    "voltage_range_reduction": -42829616.09948505,
    "std_reduction": -47442817.42245618,
    "overvoltage_reduction": 0,
    "undervoltage_reduction": 0
  }
}